title,price
Birdsong: A Story in Pictures,£54.64
The Bear and the Piano,£36.89
The Secret of Dreadwillow Carse,£56.13
The White Cat and the Monk: A Retelling of the Poem “Pangur Bán”,£58.08
Little Red,£13.47
Walt Disney's Alice in Wonderland,£12.96
Twenty Yawns,£22.08
Rain Fish,£23.57
Once Was a Time,£18.28
Luis Paints the World,£53.95
Nap-a-Roo,£25.08
The Whale,£35.96
"Shrunken Treasures: Literary Classics, Short, Sweet, and Silly",£52.87
Raymie Nightingale,£34.41
Playing from the Heart,£32.38
Maybe Something Beautiful: How Art Transformed a Neighborhood,£22.54
The Wild Robot,£56.07
The Thing About Jellyfish,£48.77
The Lonely Ones,£43.59
The Day the Crayons Came Home (Crayons),£26.33
